pc,name,kind,status,note
0x8001BA98,InitGeom,gte_api,confirmed,"PsyQ InitGeom: ZSF3=341 ZSF4=256 H=1000 DQA=-4194 DQB=320 OFX/OFY=0"
0x8001BA68,SetGeomScreen,gte_api,confirmed,"PsyQ SetGeomScreen: CTC2 H = a0"
0x8001BA78,SetGeomOffset,gte_api,confirmed,"PsyQ SetGeomOffset: a0<<16/a1<<16 -> CTC2 OFX/OFY"
0x80013764,world_set_h,projection,confirmed,"ADDIU t8,400 ; CTC2 t8,H -- world projection H (hardcoded 400)"
0x80013A84,var_set_h,projection,observed,"H = *(0x80096974) then CTC2 H (not the world path; RAM poke ineffective)"
0x80010D00,primitive_loop,render,observed,"per-element primitive submission loop; RTPT 0x0280030 at 0x80010D34"
0x80011214,vertex_project,render,observed,"reads SZ/SXY/MAC0 into scratchpad cache; NCLIP; vertex fetch from vertex buffer s1"
0x80011AB0,clip_predicate,render,observed,"bbox/frustum clip test, returns v0"
0x80011B48,packet_builder,render,observed,"builds GPU packet; RTPS 0x0180001; reads FLAG/SXY2/SZ3"
